Gini index,Value vector
0.20344687453397817,0.6831775162412259,0.7705599728161616,0.6005250735954338,0.5139194190589237,0.993973646260621,0.7767444821041029,0.5933550020581286,0.8688622264507828,0.7323654766768973,0.6608236526867858,0.5954903123665016,0.23014175824284144,0.9391877819171279,0.5887593478433151,0.6645294106939132,0.3172370050110347,0.45482856057820875,0.47687690970758156,0.6537329301965771,0.7614803831971299,0.7300540968159674,0.7127025110886255,0.7044594413083638,0.9579869434564005,0.7664207764562981,0.3902880400640293,0.7903188538458563,0.6556793036841061,0.9197291590851546,0.3300525189960526,0.09389204415949337,0.7467061467366134,0.42713888647593434,0.7641667245646844,0.5076902197090581,0.13283109226200918,0.8126756267301108,0.38590287826102454,0.587312028227258,0.6851818813639479,0.925710787682326,0.3264631082260496,0.965935631212055,0.160211614153709,0.4467982533211481,0.7374010479568447,0.7596382524251679,0.09957958952307444,0.3809116229721967,0.7329142164743886,0.8595394795041063,0.5406577841647556,0.7460385355171298,0.6340041525635751,0.7597333275388415,0.9309428945968165,0.6969636749388674,0.5865622156538612,0.5905892848319113,0.6998531783921208,0.2948165341433441,0.12008867306287285,0.5443360542615155,0.9038742532985703,0.8091180149556287,0.7848822619948901,0.7639892646224131,0.8259791796102932,0.471349715349657,0.6705434015993391,0.941336312537062,0.8897874338370657,0.4575882709943422,0.46809876890933033,0.23840300669794023,0.4649439950351997,0.9969617479871585,0.5222437358520413,0.7497483984011993,0.3224867053364604,0.6766247840528719,0.6898161561649767,0.5664469395786976,0.4263675033190498
0.4657312511504234,0.21864224403002253,0.01509046452312024,0.3394178638057104,0.32455799596718626,0.04895062891008251,0.13612406039362346,0.3748484200839387,0.6829323146380065,0.7604979613949052,0.18406698197374727,0.12467764556280403,0.08247640584799931,0.7187564530984045,0.3225031803351861,0.9385681384866139,0.4857218049924369,0.5083348403301953,0.5126368021669584,0.02792425519566977,0.3516731670979165,0.9280637027070309,0.5376551177566957,0.03714626769888896,0.0745159937441583,0.04235654807612466,0.37671303576428594,0.5119727375126517,0.2762162737103675,0.8330460196073369,0.01634035938943013,0.01362337735314079,0.09849586777099839,0.910013001686088,0.6172199038029136,0.6586090335365558,0.15844587214074657,0.6222962267771746,0.01743985264484982,0.320531486555527,0.8245282717463203,0.05676600494187534,0.4013133183974622,0.6687571851492341,0.5123683095401599,0.33064241661379523,0.6737590609890025,0.05622911920625806,0.14329281581817355,0.2800409902324398,0.11731786055532734,0.16113396040166816,0.8155182037588322,0.19683885725529304,0.1983682324450663,0.2387986415837482,0.04790696203317812,0.747635875591516,0.0520286237689267,0.00165699204450787,0.10032793333028878,0.5815754077811098,0.2791955647407295,0.8313673835424061,0.7604662522140095,0.2717577762046063,0.9913348294838012,0.01034331965834256,0.17412730821438083,0.7999910539930362,0.9505322935649198,0.7061034119448423,0.11852314959106736,0.973662589197529,0.780681336864099,0.12812771062648498,0.05288117024019667,0.11628080835589283,0.02582016100946072,0.09159199264414708,0.1596326603616398,0.5122892597808643,0.2563194658519371,0.01155175964219213,0.9695261614177502
0.28742871583295737,0.35131140438009156,0.29307688112387553,0.8920282772786324,0.958968019676443,0.7950118179326495,0.9933856729299315,0.3502438142821702,0.7014777511383976,0.5131224886826545,0.06733469200376296,0.7647297223144048,0.1681767737044466,0.596630931911167,0.16007405955703535,0.37181315152718275,0.35792443032659127,0.46621104907920896,0.7177926167998062,0.685225589129667,0.7055266193281067,0.19973291867230014,0.39122749071460594,0.9375036899797127,0.6877771553220389,0.27445515624319317,0.10977303208374234,0.44497806896563485,0.7364940784876723,0.3426225334761799,0.24916442864422117,0.5458105335898468,0.34323295317779656,0.8813851974970668,0.3858344605210603,0.5915435082002887,0.8003486801257643,0.8444869534653241,0.2950706135943604,0.6125615045440221,0.17129938021458446,0.897960929536354,0.735024821241663,0.34866542733848915,0.9449872788179907,0.732198262775364,0.5677300314735717,0.7955906450275482,0.09753529147324491,0.5135366507475871,0.18932001286634137,0.1350007925711697,0.6025901357625381,0.7358207831934487,0.42480273608142416,0.8380315189508292,0.7313716850955381,0.9130933716317937,0.43601720710672953,0.999267108061832,0.9639780175718203,0.849768396813166,0.19528315760823456,0.8474046277148106,0.8083712864878632,0.4596795968769668,0.22519869693825423,0.5908145469974189,0.6587115898226917,0.4345426172535958,0.4149671696160885,0.7258651005291487,0.38776855698853463,0.822782163590946,0.05453895119621088,0.8982282240779441,0.798320031575455,0.2305559297569152,0.6331515986132941,0.32936454768136814,0.00347156739913834,0.15581973958921713,0.8848788389768022,0.4099911769862473,0.5838535656014656
0.37457234885224,0.580797937132404,0.06736074469284425,0.2609309185132831,0.9088079095535101,0.9184198645159437,0.5412841333079293,0.804495062976752,0.7638197602843529,0.04322907761451411,0.8069215826313694,0.20334926324215608,0.9618215077242986,0.7629366199307556,0.4568549748119012,0.23660111864868505,0.5054609861708059,0.07463730118495271,0.5149702354375362,0.45616466663587873,0.02347922074686215,0.7443785150881977,0.9395416116664903,0.898846200284819,0.9671028701256077,0.637751056478179,0.5410012490649528,0.627040782484309,0.5360334279907838,0.8366734394690436,0.18628897077325335,0.6872200051603837,0.7948560647722229,0.05501939742471851,0.1458123769105092,0.01634999514277091,0.4163363630196474,0.5603124985510254,0.6329380594973547,0.46125306355970186,0.15429691049384642,0.8703377820240807,0.5185678786614891,0.11406881492171839,0.6273386712693206,0.21784426185575245,0.7518495817293311,0.3679218124409065,0.05375026567770491,0.24109418494764812,0.3748800095972169,0.12624845872867718,0.19704052770385272,0.295321051080501,0.20947382283877802,0.32671390518062693,0.08520264511389597,0.2163623202223346,0.11648199929712488,0.2536834815567255,0.24518371960666674,0.17365276014032804,0.3328971077940963,0.2110752809041503,0.8142243334789303,0.8198393846933122,0.35536871581522245,0.8773947860332558,0.8519629633381647,0.39116716060496093,0.9700885116085916,0.8064178985599653,0.22256314620973905,0.22648859350985906,0.6277569875209448,0.3041016086390709,0.0172731928329305,0.7298078332265086,0.5828174992710514,0.9599066004476801,0.4684320803169407,0.34406753371329013,0.16740161939224563,0.03094058434253344,0.04270624002996826
0.2968216491128027,0.9126081140758439,0.15549056228581482,0.5887529103391055,0.6181832485160089,0.01518373951853491,0.2149859730534267,0.5146298918144565,0.4421164113344268,0.9911322144465059,0.03091104596322403,0.14619243007655802,0.37143613275788245,0.4866570024228467,0.7498584859964981,0.4779975208227454,0.7543291379256344,0.3355247447628864,0.4829017778575728,0.7077758916786133,0.4180938625779187,0.929782839170467,0.09370558323365918,0.7180070911412246,0.465481075116814,0.9782355457188693,0.9437919531548427,0.08285995683329528,0.8221884519739521,0.7931099372227043,0.4287749014420973,0.9399050096408865,0.6230478445235097,0.7708730315380048,0.5794986512182785,0.9543682574822517,0.18899274238400654,0.5284387453673393,0.28947095691316327,0.16020598448697365,0.5801312492392497,0.5498032402811843,0.18212845904360897,0.3338551584083035,0.7650795584520209,0.6482147645118063,0.8576336358465917,0.8148631683723623,0.8474414046435065,0.3511308439932266,0.15031672591352097,0.5944186420362225,0.3985976983014591,0.877988635314146,0.8726458374878885,0.35063401890668255,0.3888100818489162,0.04389456648411538,0.250894199069685,0.8278541818808738,0.23999762276066805,0.27944866424043335,0.5722123239625594,0.7405777823704714,0.670228088490621,0.16458467579300495,0.9007448705074039,0.41431678345377565,0.5333494560542694,0.6910780990507224,0.853878326998323,0.6780457001674295,0.37847651156235296,0.2806256366629071,0.6452232753137715,0.41890488829883543,0.8555560120458189,0.645372274212869,0.07747665772253742,0.944987413700205,0.0595954614683839,0.8185913690307556,0.3793956181251843,0.5855766149622565,0.7849599049614921
0.3647875622249351,0.26105295609785417,0.36616621297513974,0.3737700533843158,0.867753668231979,0.4492301770159264,0.8471575572498836,0.13380690749516155,0.5196520709216107,0.3430595243784582,0.7977321498354866,0.78881517238091,0.4131958391071878,0.2726313117166552,0.8377280191075499,0.5217987004966225,0.8806805262170811,0.7533798757883127,0.00683293560639986,0.05628432370980219,0.8868268445915723,0.6651759827332383,0.2303250869166269,0.9168289831493265,0.7334176792537239,0.24941300342158834,0.00851214472437867,0.05505834623113126,0.9934010088199249,0.8553816172446227,0.9015434199106613,0.17947740295790227,0.33138642366624216,0.2884956337535921,0.9594701668810433,0.13813023611755593,0.45224352687325486,0.2038893021980589,0.24418173943880428,0.9469686621816213,0.11156998499410087,0.7731413165411593,0.9599914946859206,0.4828273305048787,0.35360914214055095,0.8970745588523191,0.836310514027634,0.3546454172906027,0.16995966570309973,0.7660902823858585,0.34142877138009897,0.3559729527471338,0.7407143172037639,0.8623993517288411,0.43083931005657206,0.2077511263912729,0.25012763767804913,0.5208557947303235,0.0589833581250544,0.4515371581094585,0.12676690279200564,0.3803139970281444,0.5044112832494271,0.1421712631210975,0.8917247188789762,0.3483714238675151,0.01942773224317518,0.4394108820218884,0.51316413864797,0.44034994341499833,0.8432611426700988,0.16433273229443135,0.17831196807024396,0.49328101584013007,0.6707492526502524,0.4933474791472404,0.937040982590752,0.322020793069008,0.14919635760285854,0.05761495090172597,0.951157754687749,0.36302144999490826,0.0739586341485311,0.1194550000132173,0.17468245408992167
0.3032026045492543,0.44690278562281016,0.5059206157710302,0.7151962783410193,0.04886829267363657,0.2760821591816679,0.43368529681664547,0.35695262838920283,0.9688983533823169,0.5627155575279013,0.7023020772310258,0.8224859425236498,0.6748107505129268,0.3935869612557731,0.6393789919324782,0.576625551546835,0.542645001950794,0.37982085594730697,0.85278175556218,0.8042496703383465,0.6251859581902213,0.1856291135465642,0.2747379806772411,0.4639051773881032,0.00471956394678641,0.28993450446182367,0.0936540195301172,0.5100238440163187,0.739844285818972,0.9579636285843867,0.8482271970719184,0.2731512808912835,0.01966878205837419,0.6961064924393633,0.45600183191664123,0.27622606849880127,0.9507825989664029,0.05368682295553362,0.3156082008148752,0.4684425685839345,0.10778029815306145,0.3343487420310739,0.19046775690944318,0.39940243747424753,0.04406106695162948,0.914492577712853,0.7992316012218738,0.5835200022470747,0.6096071465663246,0.6516008139513243,0.9253507134968068,0.00625627757092684,0.9152241552509502,0.15543119296570496,0.6964775689857535,0.5452646290179994,0.15149844208813457,0.6917510696293966,0.6775021061383437,0.4623695658737581,0.5971553358543872,0.7865092965150866,0.42980353158123985,0.9780851080291525,0.8545591117537608,0.8850686219972922,0.9823977480554993,0.4568385552287717,0.3610439994927449,0.19368189429824612,0.8169205560021758,0.9695318100496089,0.9800393004101429,0.16318283345600415,0.46587940537549377,0.4952232276988823,0.5851600683000323,0.6553679703898276,0.7453148505678867,0.5694653963195608,0.41248009670917074,0.9498955038207617,0.29131377907989886,0.21451893378957776,0.5296206655334879
0.3581895020698045,0.7306430206379919,0.8334059280687638,0.08255277308369913,0.8418534544742386,0.9283108892709386,0.20985584678349578,0.9546076899700258,0.5062041210677646,0.44597097756523063,0.18437044147931836,0.8522580260106416,0.6448298678048001,0.2409410053929667,0.9797604295247409,0.9290908077305958,0.621396360519283,0.5160996572748988,0.7420546157699879,0.05439570235749003,0.7100312166065681,0.981446576374208,0.9194597361640234,0.9530089817866211,0.2614844752617428,0.8984290979618204,0.12979650481276483,0.02362622862191177,0.42918588968233384,0.88738840927014,0.732195481000569,0.16266422544570747,0.8604157788477076,0.15040182066231245,0.5754226209001428,0.455418445638198,0.155823699275087,0.8856186098152146,0.06759940576233725,0.3452772973757571,0.27229880744238777,0.594069875198582,0.7218279719091285,0.3653030363774017,0.6854490166533603,0.17061252168048358,0.31680626401738876,0.6916808572397093,0.4286135664592312,0.21001885693446598,0.9474122610345844,0.6477946895727953,0.2476760677096227,0.07349526997568301,0.4767935934084965,0.01602562370670912,0.2197800445540189,0.7574594930039222,0.6517450750089211,0.3429952720226578,0.11217023193747977,0.19019923355080715,0.6591231672051729,0.8907044431892754,0.5104148862907916,0.43797370579555206,0.495734191161208,0.7517117926634501,0.573817219903908,0.0281068279828165,0.21293700253257097,0.6556156948941745,0.1154903618963129,0.1847822743562798,0.6508458357840313,0.6930607075871986,0.04385410602935913,0.7211382056387233,0.41463544559520493,0.0500445296160229,0.9180847657215939,0.8423005810394674,0.08334882405488364,0.02499819665933944,0.32250617131100734
0.3082776845686871,0.7950388519842094,0.321675530149122,0.8100477067293332,0.29094994005372365,0.3054237984297662,0.3369042113362952,0.42175420941699493,0.6704128239851217,0.9249959229686193,0.5586387056181065,0.9363318047641854,0.38725677092780586,0.00190820569969075,0.6130640968992062,0.7994102720018804,0.23135294733214828,0.5934682709645785,0.7298558450942615,0.9528043125477331,0.7140769750941919,0.9705709892744019,0.8035142525899847,0.6895907092869059,0.19774576882514905,0.402779063134847,0.36393633136246295,0.2698255744269694,0.08146641131888288,0.30092156608620857,0.6123039416484541,0.4257371983201863,0.46810062120910934,0.5626209954456294,0.6872427108169504,0.29763392480108486,0.44978695023449444,0.1737443134233485,0.47065705866051044,0.942172353337869,0.580285806607593,0.4239996712638854,0.3010083280322122,0.6398017310823221,0.19363443878535713,0.3923729049584599,0.9913333721271866,0.31572955143770987,0.8379280365050003,0.33982180076807456,0.28593165594791015,0.736949529656159,0.26981686243390735,0.2601661807255995,0.99328987587325,0.06033057360051053,0.9873574826293193,0.36586723384733943,0.6151203815760814,0.6272761010847133,0.6663053605561955,0.7076589070590702,0.3970416655392045,0.5936862107801762,0.3828094886400688,0.9646909413046147,0.2692066511386433,0.9609603835269801,0.13115957272653078,0.8922750952599201,0.05104101679589179,0.7122672806167205,0.23100098832204352,0.37358907339083414,0.03115616532818366,0.3641468896879424,0.8942073861930059,0.8054382493845379,0.5518931867921366,0.239414199128254,0.25680065408695063,0.40208274543516453,0.11437858832742553,0.7554510141604243,0.18171230001716054
0.35295402964917194,0.7452728216980368,0.7835552559390532,0.16659804378288,0.5411321726491839,0.11629111452214502,0.4154154016237589,0.9647401764850762,0.5698277111136683,0.6402357446697382,0.04326719130471468,0.09177472114331797,0.6484298063743945,0.1383182122092056,0.9365071136738611,0.7906168090917371,0.23470288753485713,0.1920190002635802,0.3996602417199512,0.583715389854603,0.0895551969068421,0.20711284462135338,0.45432191305818204,0.5935096080394215,0.04611850619895974,0.40459430285359066,0.5410662602404548,0.6423242664808188,0.10585679300518036,0.8261185310878199,0.5321915494896335,0.816649734158876,0.8294016077661169,0.7964640523222016,0.7412936715825293,0.7474034799207973,0.19006324225811466,0.212947592767588,0.5670327717064314,0.7886271294245041,0.14619409960015173,0.12059692699215463,0.5737967046918596,0.8164934049671163,0.1912056281970651,0.42933732288806714,0.8313037959342423,0.12278280227671423,0.339748555617448,0.778797018604446,0.18990894272305325,0.4889058199207842,0.01172414620922502,0.4908413990180813,0.7151113952082496,0.6855867666462921,0.1404964204746526,0.8789579385386971,0.01514020272262717,0.9761575228791323,0.8968630593231898,0.36193044729348955,0.4114396017299149,0.18384251617233438,0.5408754029429451,0.2852330349096218,0.24496082890608217,0.21220559962890673,0.787693036744795,0.6671746887950254,0.2378040193403681,0.6362480276588396,0.11138243661616976,0.3611240044268311,0.46408521999177543,0.13289342928971737,0.6309495412451517,0.01068127116942408,0.33253752703173567,0.47800595832178727,0.1606601535221186,0.8642100442748947,0.3207688784136825,0.5860890208342168,0.1858438728308529
0.3126659709692428,0.6499716390396522,0.36559425144026203,0.24735890382478087,0.841835328865355,0.07288136326110262,0.5827074567264898,0.7453662960288371,0.6734589503192038,0.5718664022276538,0.29371291722923354,0.6636552194528043,0.19100136068234264,0.4555116864135702,0.7345680654620191,0.23823407379538286,0.07277747131418388,0.2175047211996839,0.3942425666662759,0.5172795647074243,0.04977931088084941,0.5452798843306732,0.35484213865306413,0.38615257024536054,0.6154760452891413,0.6244694824296327,0.521364019129824,0.802977246097541,0.6366425450399116,0.6011805944550105,0.9658066041598864,0.35986423839614134,0.5547160370393384,0.16854504769958067,0.9531274316649915,0.25751252158971727,0.26710693312692635,0.13188253701958808,0.6100914518561636,0.18852250403776682,0.216160593770641,0.9592552089719298,0.44837458205842373,0.14801563718238875,0.6429297158936987,0.0769471260244311,0.8065270126835564,0.8702923876202738,0.00619149720585943,0.9868382041165034,0.13621119644757307,0.44202394078021134,0.39957130423943366,0.4354902353360709,0.5419255675851861,0.6253384822566981,0.35693803407113533,0.5313982461668305,0.1226783566628834,0.23451621107053666,0.26352427459728456,0.105729419155702,0.3569902504408863,0.7278883171212145,0.6990044535198551,0.34543169437865595,0.8233033885023606,0.1886372601682229,0.8082880848494396,0.09730195166833466,0.43028885991231014,0.6920229038317818,0.6748526709586298,0.4359245356248941,0.33700447172499415,0.47368794090044475,0.7804942630030521,0.9051668233963691,0.27335166468778394,0.713449884187222,0.9243529236229514,0.2216593428827982,0.49250228972244814,0.44959571106415097,0.8004856583958612
0.3484652204075251,0.5155520254199408,0.6507177115059152,0.972530393463556,0.22609274500806742,0.4264256538008334,0.7213284363252415,0.05221919240670014,0.5195012383900333,0.8434859810876976,0.18065338905143635,0.8254290816096094,0.5467570154611804,0.9482906537065978,0.9580356709447587,0.2930010367676704,0.48301626727517233,0.7529203590534213,0.2946210019903741,0.14630021462837373,0.6368748762276368,0.1545237531641176,0.8271517869643967,0.3292511911496645,0.8211512914881327,0.4185398714382851,0.14743244237450814,0.334909412557872,0.03665226612631456,0.31042733231630515,0.8278938629175804,0.7309617053435368,0.8679013825511165,0.38365341476285575,0.5977534853245041,0.11717789427213332,0.04521226556987079,0.8306759290745529,0.3982219761601439,0.36818560935543077,0.9584971172160243,0.12252858639067044,0.3993561765700052,0.6943894294320947,0.30450239446674865,0.00155721254213148,0.7000720290530178,0.8057715505279022,0.6897771142979384,0.07670049388860622,0.5015622300035996,0.06732336169354547,0.2530747919152945,0.7342338411700928,0.8273204095589841,0.37651139152294655,0.4742478860519662,0.7395105445874566,0.3588876737286021,0.19998205557483906,0.9402395876822994,0.6133364836999177,0.5797683894850717,0.4240480686373719,0.2610205199463781,0.1421294476899856,0.8034548940001383,0.9226371474697267,0.02856337103712114,0.32377846556332224,0.38901529951778346,0.31389060925319356,0.7008599647627791,0.03678981850956109,0.8666185470175404,0.7471575886186699,0.08667619104059165,0.6310917504687591,0.0758720213236469,0.8981234412993455,0.09809543925393349,0.03677543273871842,0.6367148339546588,0.5235434110519942,0.631417212511842
0.31662067855005926,0.25694452167453774,0.8724961016978614,0.5020433727692192,0.8100856587264202,0.09048663729126205,0.27215301641952216,0.6689648317591724,0.8008947873867331,0.705252211227502,0.7120509582866587,0.203897309559823,0.10189797181713556,0.03134156516307007,0.7486427675695267,0.9406761031104101,0.4017252935443849,0.850445415855834,0.40522829066118393,0.5832370464636316,0.07678004516325743,0.8259064206048286,0.5574767992328215,0.9035726977406423,0.9255779384261351,0.9330827982526859,0.8925420354673701,0.07775196629846315,0.41515526101148637,0.7249772864030164,0.14780943797798773,0.5312105647724437,0.24831176747603456,0.814754352295955,0.21092301554771642,0.2201167688754082,0.5194855364646603,0.1793800028312016,0.07242767250732995,0.8288856961933558,0.7874209267696282,0.6274406365453542,0.3045229438536662,0.49352840606528614,0.35935512153729043,0.974984180530173,0.7142633273871796,0.8422119448619415,0.5875569516427555,0.02521306093364317,0.06726454175319097,0.6415179633845992,0.7461966632787775,0.10555264781625673,0.01529753474324658,0.4590371036380564,0.4391945718928718,0.47055306049869594,0.7154441945422364,0.796621676274172,0.36454630773955543,0.9781949338843546,0.3291550624341708,0.4332660212180721,0.5931199465695138,0.8828687409425987,0.3216539759006445,0.6525492310204264,0.9147980111940645,0.5042864095949423,0.8588117087630577,0.9697442367499988,0.31921744647279293,0.40868367324049226,0.3031793411772704,0.6675161470656551,0.889305932861838,0.9057905482771107,0.9382372261141134,0.6065573827180943,0.9592712370871924,0.4691819924299089,0.06835362532974187,0.5779564599844679,0.02308049801619916
0.3444443777975274,0.359563161409131,0.6084025059217419,0.6106523634565723,0.797105081565676,0.9691851808924541,0.265924037687139,0.6143560034460178,0.4749566567247815,0.40723743362084697,0.05106391849671432,0.8000194027345595,0.01083354748368381,0.36523111498293415,0.16883576974456116,0.37599482482345326,0.7041310776797169,0.13650927679114144,0.3680648278392348,0.9350764107555761,0.23206258966358517,0.07488818086208082,0.932489821310398,0.10433235505902982,0.8422388444488138,0.9619680206762871,0.2234590609576198,0.8137353304015504,0.11833347118624082,0.9603338692173123,0.2002904685594129,0.20211484535477298,0.6269237986684374,0.8610911174083443,0.16939627049129335,0.19634632842707467,0.4797880184402177,0.862195711341686,0.2090512848556937,0.5029250645996435,0.811173994655161,0.9526162719286662,0.39155852592355045,0.5072756468184417,0.5000325012995721,0.8243882368817097,0.5131218004152034,0.5737088908880166,0.4584967569380315,0.0268405108660924,0.00350882196850077,0.37861583862097803,0.9974172659260194,0.0790867839527245,0.8528040423604811,0.19241738481611836,0.3975545566882207,0.6706917175523411,0.12760003246727825,0.796773949247284,0.9879194841860253,0.970376854736184,0.15675681003669906,0.4935081143541542,0.36947958674076453,0.6626700263954294,0.2949234955253721,0.9663305237535647,0.6255300218329009,0.705183766296102,0.7564052138850925,0.3677773604646859,0.7217730712185189,0.6175646266178322,0.6871321314259037,0.05207122273362563,0.33239594217760515,0.8495197998981492,0.01059911159856008,0.977575823585499,0.7872910296537471,0.05410668835775834,0.4939530591214385,0.8991798658074138,0.8775175785694067
0.3202815094791863,0.2548272309911235,0.872513330647759,0.3702837998864724,0.7586768800833642,0.9075382985595967,0.9910857594026031,0.01908026290234111,0.5406754665586246,0.5716092425028383,0.3825281694113455,0.838584342650414,0.7537909366181387,0.3467849312120671,0.6056310856516945,0.5837955953182863,0.8490552674179227,0.03482902640555041,0.42032177288595596,0.15744105132895936,0.5224117474121397,0.0648819271084854,0.8740385756393768,0.8913419999843677,0.8579608250077758,0.7495127777848393,0.33555504578534456,0.9964663903077058,0.03007978089215202,0.8207090401134054,0.8824151891663323,0.1883366992554807,0.7266540408169898,0.5794258060969413,0.20700822238189154,0.3965067028205316,0.2893456196719404,0.16120673316977585,0.7948853629692549,0.5124673284825834,0.05840479201213578,0.03950980181048347,0.5228093881948184,0.9024985131777351,0.6008726906304808,0.5483327951965175,0.3474981315823704,0.8637168268557093,0.33641648949962244,0.8265941539456145,0.30645461653457085,0.34419533205550834,0.5230165697635072,0.37243906054236786,0.4471994727961315,0.9163309468362808,0.6732023886661431,0.8551611244233782,0.636405775066416,0.936959395698211,0.18738307358855455,0.2984534919377987,0.16187068243575875,0.246937952884419,0.7204142009500206,0.7469471947506637,0.8475320332206516,0.5307063901771,0.6760391527439699,0.65054356269988,0.01124978650469677,0.5119477985809655,0.5930231762992644,0.0721749498105222,0.720459079037529,0.04964244743701585,0.8141718122173429,0.1373717123054805,0.7139759925353574,0.16837079580060377,0.10716778237939706,0.4553944929812538,0.761049318791418,0.4158121937982209,0.8960775220445946
0.34072979598766245,0.8282835627345125,0.31664716109266056,0.11093636303192533,0.9494367441780046,0.3202176489069215,0.00099905751373952,0.4445407071220434,0.7870146724441174,0.45318262872517634,0.30959750473609704,0.1740395927413173,0.3977518209839981,0.7189023395913744,0.7069131877753378,0.9428553498017421,0.4406893007916496,0.5337278057926292,0.01699067568324886,0.08124425019795556,0.7157595240722671,0.02548993211830264,0.03425615271085936,0.8900987694321825,0.4278040283785519,0.6071788281331404,0.3677220193222466,0.2780056306899382,0.8129585426541953,0.02694927023622762,0.5504975576699237,0.5118558360604989,0.19397656247813544,0.19800161332918853,0.22807559664458255,0.7352701478485526,0.9213870308596043,0.7508630146447304,0.5019263704701463,0.11820145653037828,0.746175762927015,0.3755814084541912,0.6061078269913543,0.9935399281824,0.17303308463911504,0.5594942586085226,0.8850578907112222,0.5928087192207985,0.3154036762910607,0.4254468494050292,0.8921486309033857,0.7828319312580527,0.5285481942198376,0.5274053944370967,0.7913149484294205,0.24722890313090173,0.5080892535117145,0.47231292339866127,0.5663373581013229,0.445700448686569,0.12554383746064623,0.10695457434601019,0.7754985664733787,0.5528383314188672,0.08093753990605634,0.78295387469133,0.7430258895658896,0.28058891021653876,0.3019349257870392,0.38982173995477054,0.3746630103969546,0.0456868934684298,0.5201355841586417,0.43127116151326117,0.9029867152936958,0.00736039164963687,0.02156081301257218,0.8259034977234736,0.7133697647298952,0.868967721818266,0.36130258874002463,0.5445778688701385,0.9838270926495446,0.22331427176723995,0.36523688450733394
0.3237605228802055,0.8602168082476993,0.15612929649029406,0.11293250411484235,0.3078309193859924,0.21675797114270923,0.7465228394827383,0.6706282565524172,0.35807079680842424,0.6597533841217151,0.3833076378574801,0.4377257863901095,0.36632424188000834,0.1964748860740767,0.7657939630271485,0.4386810390805148,0.5023031750533123,0.9467077104540763,0.8075827884084891,0.6647902325480248,0.607323387785723,0.9442249533710187,0.8738405901768623,0.6435140454760686,0.1607810526259501,0.9602215187590217,0.08885836729706242,0.37719955991636545,0.2981145480629357,0.3656210974470385,0.9935966428596488,0.4591846633254466,0.827656382528733,0.4347707587550108,0.4492390284332195,0.7808341708727244,0.4318628336807566,0.9589301252663666,0.04710868409333968,0.7742657735776528,0.3312185315670956,0.1803732964349738,0.7175657199096442,0.1442516346133984,0.9554582981359496,0.9264566926243597,0.37116876446164204,0.524664568637966,0.3554457557327777,0.21412215771866216,0.8986019238907562,0.5121212316126974,0.8531000868609047,0.15808608296071303,0.8388930454181421,0.08709412586056209,0.6831032100141398,0.8454682438517717,0.03794766779598602,0.02270034122551901,0.43539138263396626,0.44067286501870595,0.2569132330127486,0.4790711159587836,0.1913620374873013,0.06374923504482777,0.4956396177438517,0.7864549833800943,0.6026611707520811,0.38443310006015263,0.2752270808343731,0.9041649130454251,0.3877586407506808,0.5990671254144552,0.04781570395438917,0.23024605119986652,0.8788433072764443,0.15298353422195754,0.5437584082683978,0.758514438127669,0.9704488315771665,0.45432413526191884,0.20862810884797878,0.5668022910132986,0.8282108510814411
0.3372073567397275,0.773828654639912,0.6523434244342579,0.8720646626193741,0.29058692536249375,0.33976725035297806,0.48231352663542537,0.17722171516271967,0.276270932097911,0.22964134579204476,0.14943826361530277,0.7279076348305968,0.6670384945882306,0.13716214771473456,0.23704736352126854,0.08894461416173027,0.5808835584486081,0.02948518801776645,0.9364047337451499,0.5619336448744484,0.5686802456616187,0.06883343593510527,0.3003486697416664,0.51149967002953,0.5518981965391703,0.16340307304356028,0.30505134308034865,0.8360062443096327,0.41155633371076095,0.2996010114696207,0.4941985563398751,0.07137605525776491,0.5792990320252185,0.04473382187269925,0.19029102917335816,0.4542311923613077,0.4873595394804735,0.7697820793976765,0.5102079525608206,0.7966923214904023,0.9399297258035962,0.4196577168154224,0.47672988431670105,0.9657042605678823,0.9305954090568495,0.23224720937361,0.02400065452407696,0.6634497194532658,0.631022104165138,0.453966479132657,0.6003137059259191,0.8805423489786735,0.9554064533428979,0.639782570400269,0.673066933620541,0.3809558366274858,0.8522081898662554,0.9807792492798767,0.3302830596842288,0.16048380125855632,0.5537280128330901,0.00945487506251252,0.00143669399188284,0.39587422190732513,0.08230481499265363,0.5767472415150258,0.9920063086881213,0.10721580228526306,0.8708152293666537,0.7825265859753383,0.7960697967868914,0.15308762279669197,0.5923695098819715,0.8138420549963218,0.32383656123431204,0.04687978735135556,0.9224710055135698,0.6760923372246191,0.7276092170607982,0.9932027613928968,0.7839838498574201,0.2687629075686705,0.6140472188968776,0.6830720203922597,0.3488986562685732
0.32714102699439235,0.01945313038474406,0.4503501787560391,0.4860566309857086,0.805444699205899,0.926238292431438,0.04555474280404725,0.9957147389551287,0.9445599217975532,0.3315142822454772,0.5017162259712038,0.4098363738664881,0.9081710334611497,0.8767305149618113,0.419695102224097,0.9852835574126751,0.5571554450176818,0.00240208000974862,0.16903882925922764,0.2390109645959163,0.5953546715627343,0.21029673999268883,0.06856399788175482,0.6429994765020892,0.4445898325294496,0.00484692017772403,0.4282181046464627,0.999505552468088,0.5550981746602648,0.48405580615526733,0.3143067357336513,0.1391198845763022,0.8087040581695398,0.33002647197052803,0.8462456409578094,0.8534620798616586,0.1356188128586936,0.8913304150318655,0.12131212625716925,0.9931218819301584,0.8745892348630928,0.5083337606941909,0.739453665194998,0.8802353133665018,0.8208735096365806,0.1310402522162526,0.8028874160558206,0.266405165202136,0.6206845707323664,0.30982088840896727,0.7516913647800939,0.8701554165423002,0.41846309127487613,0.08768701124908296,0.17469489873906263,0.0048992025877479,0.9142581902915214,0.8174649102761644,0.2416838041284688,0.42520450825452083,0.6275684515169773,0.8442878315670472,0.13531862340182688,0.9397993956097916,0.2764272136856759,0.8292056053189416,0.5756612720760625,0.583013666759413,0.48152081763206644,0.6336097707998807,0.5658660648310461,0.1563174533489352,0.7467084511092147,0.8941075361794651,0.63750425281146,0.6026784461373677,0.3069162294926967,0.7521876246944247,0.5640150080966553,0.263164016125744,0.22869675073365503,0.08819565247494321,0.8997947463512687,0.9468009807678751,0.7564544522447547
0.3338175519149234,0.07504953653646007,0.9655279230989756,0.8115740944705273,0.5545344180793429,0.5827719494765803,0.9289662506740923,0.23021667789025269,0.5901068033696494,0.16191842309682902,0.7998440507345675,0.00520555651138843,0.5097898015294638,0.662246191106434,0.521375245744431,0.5538754544412555,0.02327753369145036,0.1862994286959433,0.24700912181894585,0.21590772671336744,0.203954327091728,0.41042874600637125,0.817691715706452,0.4207962323987916,0.5141967305379664,0.17573808746821762,0.18637222278225085,0.5135520460198808,0.9847346291955099,0.8232363613675223,0.02212346778017904,0.3947127329370438,0.49785635959143737,0.18341672258718622,0.07775272675700162,0.5739525376549547,0.8049482980578531,0.21742664563059588,0.15942239239939227,0.22287211411801933,0.7514826083277424,0.688569465235759,0.14278330524049176,0.589133207124116,0.560691034241795,0.8718192493434077,0.6281936095074432,0.800574924967984,0.851020692361258,0.10350416844881338,0.07453538703731177,0.8024330827158045,0.11250045357287197,0.9023187430001678,0.7183272298193755,0.3473797411565538,0.14934699543251817,0.7746340797720104,0.7667581227765642,0.8640065010254899,0.3380454692194781,0.7136172520918465,0.11075381207654322,0.39396890709510746,0.8120890846730867,0.09473625856457435,0.0568019264827887,0.31184233557733687,0.6170623083744106,0.8531892129698452,0.489271045656849,0.5425022463261687,0.807872894195777,0.747547508859983,0.773219408056523,0.7653734322241056,0.18802050652324354,0.23946230361521592,0.8731579525520154,0.9947037732151612,0.8881899213281935,0.4533437050899448,0.4429661330962418,0.6279436184399156,0.46142770805700983
